email,password
user101@gmail.com,password1
user201@gmail.com,password2
user3@gmail.com,password3
user4@gmail.com,password4
user5@gmail.com,password5
user6@gmail.com,password6
user7@gmail.com,password7
user8@gmail.com,password8
user9@gmail.com,password9
user10@gmail.com,password10
user11@gmail.com,password11
user12@gmail.com,password12
user13@gmail.com,password13
user14@gmail.com,password14
user15@gmail.com,password15
user16@gmail.com,password16
user17@gmail.com,password17
user18@gmail.com,password18
user19@gmail.com,password19
user20@gmail.com,password20
user21@gmail.com,password21
user22@gmail.com,password22
user23@gmail.com,password23
user24@gmail.com,password24
user25@gmail.com,password25
user26@gmail.com,password26
user27@gmail.com,password27
user28@gmail.com,password28
user29@gmail.com,password29
user30@gmail.com,password30
user31@gmail.com,password31
user32@gmail.com,password32
user33@gmail.com,password33
user34@gmail.com,password34
user35@gmail.com,password35
user36@gmail.com,password36
user37@gmail.com,password37
user38@gmail.com,password38
user39@gmail.com,password39
user40@gmail.com,password40
user41@gmail.com,password41
user42@gmail.com,password42
user43@gmail.com,password43
user44@gmail.com,password44
user45@gmail.com,password45
user46@gmail.com,password46
user47@gmail.com,password47
user48@gmail.com,password48
user49@gmail.com,password49
user50@gmail.com,password50
user51@gmail.com,password51
user52@gmail.com,password52
user53@gmail.com,password53
user54@gmail.com,password54
user55@gmail.com,password55
user56@gmail.com,password56
user57@gmail.com,password57
user58@gmail.com,password58
user59@gmail.com,password59
user60@gmail.com,password60
user61@gmail.com,password61
user62@gmail.com,password62
user63@gmail.com,password63
user64@gmail.com,password64
user65@gmail.com,password65
user66@gmail.com,password66
user67@gmail.com,password67
user68@gmail.com,password68
user69@gmail.com,password69
user70@gmail.com,password70
user71@gmail.com,password71
user72@gmail.com,password72
user73@gmail.com,password73
user74@gmail.com,password74
user75@gmail.com,password75
user76@gmail.com,password76
user77@gmail.com,password77
user78@gmail.com,password78
user79@gmail.com,password79
user80@gmail.com,password80
user81@gmail.com,password81
user82@gmail.com,password82
user83@gmail.com,password83
user84@gmail.com,password84
user85@gmail.com,password85
user86@gmail.com,password86
user87@gmail.com,password87
user88@gmail.com,password88
user89@gmail.com,password89
user90@gmail.com,password90
user91@gmail.com,password91
user92@gmail.com,password92
user93@gmail.com,password93
user94@gmail.com,password94
user95@gmail.com,password95
user96@gmail.com,password96
user97@gmail.com,password97
user98@gmail.com,password98
user99@gmail.com,password99
user100@gmail.com,password100
